{"loss": 10919.94921875, "_timestamp": 1673343648.791509, "_runtime": 22.275612831115723, "_step": 64, "gradients/Decoder.FC_output.bias": {"_type": "histogram", "values": [1.0, 0.0, 1.0, 1.0, 0.0, 1.0, 1.0, 1.0, 1.0, 1.0, 1.0, 2.0, 4.0, 1.0, 6.0, 2.0, 2.0, 5.0, 8.0, 7.0, 5.0, 14.0, 18.0, 12.0, 14.0, 25.0, 34.0, 35.0, 236.0, 77.0, 35.0, 38.0, 27.0, 26.0, 16.0, 18.0, 15.0, 5.0, 11.0, 12.0, 5.0, 4.0, 3.0, 5.0, 5.0, 4.0, 6.0, 6.0, 5.0, 4.0, 2.0, 1.0, 2.0, 4.0, 2.0, 1.0, 1.0, 1.0, 0.0, 2.0, 0.0, 0.0, 1.0, 1.0], "bins": [-6.0868682861328125, -5.875505447387695, -5.664142608642578, -5.452779769897461, -5.241416931152344, -5.030054569244385, -4.818691730499268, -4.60732889175415, -4.395966053009033, -4.184603214263916, -3.973240375518799, -3.7618777751922607, -3.5505149364471436, -3.3391520977020264, -3.1277894973754883, -2.916426658630371, -2.705063819885254, -2.4937009811401367, -2.2823381423950195, -2.0709755420684814, -1.8596127033233643, -1.648249864578247, -1.4368871450424194, -1.2255244255065918, -1.0141615867614746, -0.8027988076210022, -0.5914360284805298, -0.3800732493400574, -0.16871047019958496, 0.04265230894088745, 0.25401508808135986, 0.4653778672218323, 0.6767401695251465, 0.8881029486656189, 1.0994657278060913, 1.310828447341919, 1.5221912860870361, 1.7335541248321533, 1.944916844367981, 2.1562795639038086, 2.367642402648926, 2.579005241394043, 2.79036808013916, 3.0017306804656982, 3.2130935192108154, 3.4244563579559326, 3.6358189582824707, 3.847181797027588, 4.058544635772705, 4.269907474517822, 4.4812703132629395, 4.692633152008057, 4.903995513916016, 5.115358352661133, 5.32672119140625, 5.538084030151367, 5.749446868896484, 5.960809707641602, 6.172172546386719, 6.383535385131836, 6.594898223876953, 6.806260585784912, 7.017623424530029, 7.2289862632751465, 7.440349102020264]}, "gradients/Decoder.FC_output.weight": {"_type": "histogram", "values": [2.0, 2.0, 1.0, 2.0, 4.0, 7.0, 9.0, 23.0, 27.0, 42.0, 73.0, 82.0, 131.0, 173.0, 208.0, 289.0, 419.0, 549.0, 714.0, 971.0, 1278.0, 1718.0, 2383.0, 3122.0, 4245.0, 5485.0, 7477.0, 9454.0, 12342.0, 17290.0, 147149.0, 26224.0, 16326.0, 12033.0, 9156.0, 7223.0, 5615.0, 4468.0, 3503.0, 2912.0, 2375.0, 1890.0, 1486.0, 1131.0, 862.0, 687.0, 565.0, 386.0, 274.0, 201.0, 168.0, 125.0, 96.0, 74.0, 35.0, 37.0, 28.0, 14.0, 17.0, 7.0, 4.0, 3.0, 2.0, 2.0], "bins": [-10.817499160766602, -10.462837219238281, -10.108174324035645, -9.753511428833008, -9.398849487304688, -9.044187545776367, -8.68952465057373, -8.334861755371094, -7.980199813842773, -7.625537395477295, -7.270874977111816, -6.916212558746338, -6.561550140380859, -6.206887722015381, -5.852225303649902, -5.497562885284424, -5.142900466918945, -4.788238048553467, -4.433575630187988, -4.07891321182251, -3.7242507934570312, -3.3695883750915527, -3.014925956726074, -2.6602635383605957, -2.305601119995117, -1.9509387016296387, -1.5962762832641602, -1.2416138648986816, -0.8869514465332031, -0.5322890281677246, -0.1776266098022461, 0.17703580856323242, 0.5316972732543945, 0.886359691619873, 1.2410221099853516, 1.59568452835083, 1.9503469467163086, 2.305009365081787, 2.6596717834472656, 3.014334201812744, 3.3689966201782227, 3.723659038543701, 4.07832145690918, 4.432983875274658, 4.787646293640137, 5.142308712005615, 5.496971130371094, 5.851633548736572, 6.206295967102051, 6.560958385467529, 6.915620803833008, 7.270283222198486, 7.624945640563965, 7.979608058929443, 8.334270477294922, 8.688932418823242, 9.043595314025879, 9.398258209228516, 9.752920150756836, 10.107582092285156, 10.462244987487793, 10.81690788269043, 11.17156982421875, 11.52623176574707, 11.880894660949707]}, "gradients/Decoder.FC_hidden.bias": {"_type": "histogram", "values": [1.0, 0.0, 0.0, 0.0, 0.0, 0.0, 0.0, 0.0, 0.0, 0.0, 0.0, 0.0, 0.0, 0.0, 0.0, 1.0, 1.0, 0.0, 0.0, 1.0, 2.0, 0.0, 2.0, 4.0, 2.0, 4.0, 6.0, 7.0, 7.0, 14.0, 5.0, 5.0, 14.0, 7.0, 17.0, 9.0, 17.0, 13.0, 16.0, 18.0, 24.0, 25.0, 15.0, 21.0, 10.0, 17.0, 13.0, 16.0, 13.0, 7.0, 11.0, 8.0, 6.0, 7.0, 5.0, 8.0, 6.0, 6.0, 3.0, 1.0, 0.0, 0.0, 1.0, 4.0], "bins": [-26.990060806274414, -26.338619232177734, -25.687177658081055, -25.035737991333008, -24.384296417236328, -23.73285484313965, -23.08141326904297, -22.42997169494629, -21.77853012084961, -21.12708854675293, -20.47564697265625, -19.824207305908203, -19.172765731811523, -18.521324157714844, -17.869882583618164, -17.218441009521484, -16.567001342773438, -15.915559768676758, -15.264119148254395, -14.612677574157715, -13.961236953735352, -13.309795379638672, -12.658353805541992, -12.006913185119629, -11.35547161102295, -10.70403003692627, -10.052589416503906, -9.401147842407227, -8.749706268310547, -8.098265647888184, -7.446824073791504, -6.795382976531982, -6.143943786621094, -5.492502689361572, -4.841061592102051, -4.189620018005371, -3.5381789207458496, -2.886737823486328, -2.2352964878082275, -1.5838552713394165, -0.9324140548706055, -0.28097283840179443, 0.3704683780670166, 1.0219095945358276, 1.6733508110046387, 2.32479190826416, 2.9762332439422607, 3.6276745796203613, 4.279115676879883, 4.930556774139404, 5.581997871398926, 6.2334394454956055, 6.884880542755127, 7.536321640014648, 8.187763214111328, 8.839203834533691, 9.490645408630371, 10.14208698272705, 10.793527603149414, 11.444969177246094, 12.096410751342773, 12.747851371765137, 13.399292945861816, 14.05073356628418, 14.70217514038086]}, "gradients/Decoder.FC_hidden.weight": {"_type": "histogram", "values": [1.0, 1.0, 1.0, 1.0, 4.0, 3.0, 7.0, 9.0, 7.0, 10.0, 17.0, 27.0, 29.0, 40.0, 38.0, 56.0, 81.0, 104.0, 119.0, 159.0, 204.0, 242.0, 256.0, 324.0, 396.0, 421.0, 435.0, 489.0, 525.0, 498.0, 513.0, 482.0, 407.0, 386.0, 321.0, 260.0, 235.0, 186.0, 153.0, 118.0, 101.0, 73.0, 57.0, 53.0, 41.0, 32.0, 18.0, 17.0, 14.0, 11.0, 3.0, 3.0, 1.0, 2.0, 4.0, 0.0, 0.0, 1.0, 1.0, 0.0, 1.0, 0.0, 0.0, 2.0], "bins": [-19.552425384521484, -18.87735366821289, -18.202281951904297, -17.527212142944336, -16.852140426635742, -16.17706871032715, -15.501996994018555, -14.826926231384277, -14.151854515075684, -13.47678279876709, -12.801712036132812, -12.126640319824219, -11.451568603515625, -10.776497840881348, -10.101426124572754, -9.426355361938477, -8.751283645629883, -8.076211929321289, -7.401141166687012, -6.726069450378418, -6.050998210906982, -5.375926971435547, -4.700855255126953, -4.025784015655518, -3.3507118225097656, -2.67564058303833, -2.0005691051483154, -1.3254977464675903, -0.6504263877868652, 0.024644970893859863, 0.699716329574585, 1.37478768825531, 2.0498580932617188, 2.7249293327331543, 3.400000810623169, 4.075072288513184, 4.750143527984619, 5.425214767456055, 6.100286483764648, 6.775357723236084, 7.450428009033203, 8.125499725341797, 8.800570487976074, 9.475642204284668, 10.150712966918945, 10.825784683227539, 11.500856399536133, 12.17592716217041, 12.85099983215332, 13.526071548461914, 14.201142311096191, 14.876214027404785, 15.551284790039062, 16.226356506347656, 16.90142822265625, 17.576499938964844, 18.251571655273438, 18.92664337158203, 19.601715087890625, 20.276784896850586, 20.95185661315918, 21.626928329467773, 22.302000045776367, 22.97707176208496, 23.652141571044922]}, "gradients/Encoder.FC_var.bias": {"_type": "histogram", "values": [1.0, 0.0, 0.0, 0.0, 0.0, 0.0, 0.0, 0.0, 1.0, 0.0, 0.0, 0.0, 1.0, 0.0, 0.0, 0.0, 0.0, 1.0, 0.0, 1.0, 1.0, 0.0, 1.0, 0.0, 0.0, 1.0, 0.0, 3.0, 0.0, 0.0, 0.0, 0.0, 1.0, 1.0, 1.0, 0.0, 0.0, 0.0, 1.0, 0.0, 1.0, 0.0, 0.0, 1.0, 0.0, 0.0, 0.0, 0.0, 0.0, 1.0, 0.0, 0.0, 1.0, 0.0, 0.0, 0.0, 0.0, 0.0, 0.0, 0.0, 0.0, 0.0, 0.0, 1.0],