{"loss": 11287.0576171875, "_timestamp": 1673282050.6543, "_runtime": 21.762547969818115, "_step": 60, "gradients/Decoder.FC_output.bias": {"_type": "histogram", "values": [1.0, 0.0, 0.0, 0.0, 3.0, 2.0, 2.0, 1.0, 1.0, 2.0, 6.0, 5.0, 6.0, 1.0, 1.0, 7.0, 8.0, 13.0, 6.0, 12.0, 7.0, 12.0, 16.0, 16.0, 14.0, 29.0, 21.0, 28.0, 249.0, 64.0, 41.0, 24.0, 25.0, 26.0, 15.0, 26.0, 15.0, 14.0, 10.0, 2.0, 6.0, 10.0, 3.0, 3.0, 5.0, 1.0, 4.0, 3.0, 4.0, 4.0, 0.0, 1.0, 3.0, 1.0, 0.0, 1.0, 2.0, 0.0, 1.0, 0.0, 0.0, 0.0, 0.0, 1.0], "bins": [-5.517195701599121, -5.324104309082031, -5.131012439727783, -4.937921047210693, -4.744829177856445, -4.5517377853393555, -4.358646392822266, -4.165554523468018, -3.9724631309509277, -3.779371500015259, -3.58627986907959, -3.3931884765625, -3.200096845626831, -3.007005214691162, -2.8139138221740723, -2.6208221912384033, -2.4277305603027344, -2.2346389293670654, -2.0415472984313965, -1.8484559059143066, -1.6553642749786377, -1.4622726440429688, -1.2691811323165894, -1.07608962059021, -0.882997989654541, -0.6899064183235168, -0.4968148469924927, -0.3037232756614685, -0.11063170433044434, 0.08245986700057983, 0.275551438331604, 0.4686430096626282, 0.6617350578308105, 0.8548266291618347, 1.0479182004928589, 1.2410097122192383, 1.4341013431549072, 1.6271929740905762, 1.8202844858169556, 2.013375997543335, 2.206467628479004, 2.399559259414673, 2.592650890350342, 2.7857422828674316, 2.9788339138031006, 3.1719255447387695, 3.3650169372558594, 3.5581085681915283, 3.7512001991271973, 3.944291830062866, 4.137383460998535, 4.330474853515625, 4.523566246032715, 4.716658115386963, 4.909749507904053, 5.102841377258301, 5.295932769775391, 5.4890241622924805, 5.6821160316467285, 5.875207424163818, 6.068299293518066, 6.261390686035156, 6.454482078552246, 6.647573947906494, 6.840665340423584]}, "gradients/Decoder.FC_output.weight": {"_type": "histogram", "values": [1.0, 0.0, 0.0, 0.0, 1.0, 0.0, 5.0, 5.0, 4.0, 19.0, 19.0, 25.0, 65.0, 81.0, 120.0, 180.0, 277.0, 397.0, 636.0, 940.0, 1325.0, 1835.0, 2579.0, 3411.0, 4718.0, 6427.0, 8483.0, 11269.0, 15367.0, 23300.0, 153578.0, 23038.0, 15318.0, 11072.0, 8118.0, 6036.0, 4412.0, 3087.0, 2269.0, 1568.0, 1119.0, 758.0, 523.0, 356.0, 263.0, 201.0, 148.0, 83.0, 55.0, 41.0, 24.0, 15.0, 8.0, 5.0, 7.0, 2.0, 4.0, 1.0, 0.0, 0.0, 1.0, 0.0, 0.0, 1.0], "bins": [-12.196325302124023, -11.792342185974121, -11.388358116149902, -10.984375, -10.580391883850098, -10.176407814025879, -9.772424697875977, -9.368441581726074, -8.964458465576172, -8.56047534942627, -8.15649127960205, -7.752508163452148, -7.348525047302246, -6.9445414543151855, -6.540557861328125, -6.136574745178223, -5.732590675354004, -5.328607082366943, -4.924623966217041, -4.5206403732299805, -4.116657257080078, -3.7126736640930176, -3.308690071105957, -2.9047067165374756, -2.500722885131836, -2.0967395305633545, -1.6927560567855835, -1.2887725830078125, -0.884789228439331, -0.48080581426620483, -0.07682240009307861, 0.3271610140800476, 0.7311439514160156, 1.135127305984497, 1.539110779762268, 1.943094253540039, 2.3470776081085205, 2.751060962677002, 3.1550445556640625, 3.559027910232544, 3.963010787963867, 4.366994380950928, 4.77097749710083, 5.174961090087891, 5.578944206237793, 5.9829277992248535, 6.386911392211914, 6.790894508361816, 7.194878578186035, 7.598862171173096, 8.002845764160156, 8.406828880310059, 8.810811996459961, 9.21479606628418, 9.618779182434082, 10.022762298583984, 10.426746368408203, 10.830729484558105, 11.234713554382324, 11.638696670532227, 12.042679786682129, 12.446663856506348, 12.85064697265625, 13.254630088806152, 13.658613204956055]}, "gradients/Decoder.FC_hidden.bias": {"_type": "histogram", "values": [1.0, 0.0, 0.0, 0.0, 0.0, 0.0, 0.0, 0.0, 0.0, 0.0, 2.0, 0.0, 0.0, 1.0, 0.0, 0.0, 4.0, 1.0, 0.0, 5.0, 5.0, 4.0, 12.0, 4.0, 14.0, 12.0, 7.0, 13.0, 11.0, 16.0, 16.0, 22.0, 21.0, 23.0, 18.0, 18.0, 23.0, 20.0, 16.0, 21.0, 13.0, 8.0, 7.0, 17.0, 8.0, 4.0, 3.0, 8.0, 7.0, 0.0, 3.0, 3.0, 2.0, 1.0, 0.0, 1.0, 1.0, 1.0, 1.0, 0.0, 0.0, 1.0, 0.0, 1.0], "bins": [-20.484994888305664, -19.90382194519043, -19.322650909423828, -18.741477966308594, -18.160306930541992, -17.579133987426758, -16.997962951660156, -16.416790008544922, -15.835618019104004, -15.254446029663086, -14.673274040222168, -14.09210205078125, -13.510929107666016, -12.929757118225098, -12.34858512878418, -11.767413139343262, -11.186241149902344, -10.605069160461426, -10.023897171020508, -9.44272518157959, -8.861553192138672, -8.280380249023438, -7.6992082595825195, -7.118036270141602, -6.536864280700684, -5.955692291259766, -5.374520301818848, -4.7933478355407715, -4.2121758460998535, -3.6310038566589355, -3.0498316287994385, -2.4686594009399414, -1.8874893188476562, -1.3063172101974487, -0.7251451015472412, -0.1439729928970337, 0.43719911575317383, 1.0183712244033813, 1.5995433330535889, 2.180715560913086, 2.761887550354004, 3.343059539794922, 3.924231767654419, 4.505403995513916, 5.086575984954834, 5.667747974395752, 6.248920440673828, 6.830092430114746, 7.411264419555664, 7.992436408996582, 8.5736083984375, 9.154780387878418, 9.735952377319336, 10.31712532043457, 10.898297309875488, 11.479469299316406, 12.060641288757324, 12.641813278198242, 13.22298526763916, 13.804157257080078, 14.385330200195312, 14.96650218963623, 15.547674179077148, 16.12884521484375, 16.710018157958984]}, "gradients/Decoder.FC_hidden.weight": {"_type": "histogram", "values": [1.0, 0.0, 0.0, 0.0, 0.0, 0.0, 0.0, 0.0, 0.0, 0.0, 2.0, 2.0, 0.0, 3.0, 7.0, 10.0, 7.0, 11.0, 17.0, 22.0, 30.0, 53.0, 69.0, 111.0, 135.0, 227.0, 259.0, 343.0, 432.0, 514.0, 607.0, 635.0, 666.0, 664.0, 662.0, 567.0, 514.0, 361.0, 277.0, 255.0, 153.0, 121.0, 88.0, 52.0, 43.0, 28.0, 20.0, 9.0, 8.0, 7.0, 1.0, 2.0, 2.0, 2.0, 0.0, 0.0, 0.0, 0.0, 0.0, 0.0, 0.0, 0.0, 0.0, 1.0], "bins": [-28.35879135131836, -27.487340927124023, -26.615890502929688, -25.744441986083984, -24.87299156188965, -24.001541137695312, -23.130090713500977, -22.258642196655273, -21.387191772460938, -20.5157413482666, -19.644290924072266, -18.772842407226562, -17.901391983032227, -17.02994155883789, -16.158491134643555, -15.287041664123535, -14.4155912399292, -13.544140815734863, -12.672691345214844, -11.801240921020508, -10.929791450500488, -10.058341026306152, -9.186891555786133, -8.315441131591797, -7.443990707397461, -6.572540760040283, -5.7010908126831055, -4.829640865325928, -3.958190679550171, -3.086740732192993, -2.2152905464172363, -1.3438405990600586, -0.47239112854003906, 0.39905887842178345, 1.270508885383606, 2.1419589519500732, 3.013408899307251, 3.8848588466644287, 4.7563090324401855, 5.627758979797363, 6.499208450317383, 7.3706583976745605, 8.242108345031738, 9.113558769226074, 9.985008239746094, 10.85645866394043, 11.72790813446045, 12.599358558654785, 13.470808982849121, 14.342259407043457, 15.213708877563477, 16.085159301757812, 16.95660972595215, 17.82805824279785, 18.699508666992188, 19.570959091186523, 20.44240951538086, 21.313859939575195, 22.18531036376953, 23.056758880615234, 23.92820930480957, 24.799659729003906, 25.671110153198242, 26.542558670043945, 27.41400909423828]}, "gradients/Encoder.FC_var.bias": {"_type": "histogram", "values": [1.0, 0.0, 1.0, 0.0, 0.0, 0.0, 0.0, 0.0, 1.0, 0.0, 0.0, 0.0, 1.0, 0.0, 0.0, 2.0, 1.0, 0.0, 0.0, 0.0, 0.0, 0.0, 0.0, 2.0, 0.0, 0.0, 0.0, 0.0, 0.0, 0.0, 1.0, 0.0, 0.0, 2.0, 0.0, 0.0, 0.0, 1.0, 1.0, 0.0, 1.0, 1.0, 1.0, 0.0, 1.0, 0.0, 0.0, 0.0, 0.0, 1.0, 0.0, 0.0, 0.0, 0.0, 0.0, 0.0, 0.0, 0.0, 0.0, 0.0, 0.0, 0.0, 0.0, 1.0],